Dates,NI,NIA
2012-01-01,0,0
2012-01-02,0,0
2012-01-03,0,0
2012-01-04,0,0
2012-01-05,0,0
2012-01-06,0,0
2012-01-07,0,0
2012-01-08,0,0
2012-01-09,0,0
2012-01-10,0,0
2012-01-11,0,0
2012-01-12,0,0
2012-01-13,0,0
2012-01-14,0,0
2012-01-15,0,0
2012-01-16,0,0
2012-01-17,0,0
2012-01-18,0,0
2012-01-19,0,0
2012-01-20,0,0
2012-01-21,0,0
2012-01-22,0,0
2012-01-23,0,0
2012-01-24,2,2
2012-01-25,2,4
2012-01-26,0,4
2012-01-27,0,4
2012-01-28,0,4
2012-01-29,0,4
2012-01-30,0,4
2012-01-31,3,7
2012-02-01,0,7
2012-02-02,2,9
2012-02-03,0,9
2012-02-04,0,9
2012-02-05,0,9
2012-02-06,0,9
2012-02-07,0,9
2012-02-08,0,9
2012-02-09,0,9
2012-02-10,0,9
2012-02-11,0,9
2012-02-12,0,9
2012-02-13,0,9
2012-02-14,0,9
2012-02-15,0,9
2012-02-16,0,9
2012-02-17,0,9
2012-02-18,0,9
2012-02-19,0,9
2012-02-20,0,9
2012-02-21,0,9
2012-02-22,0,9
2012-02-23,0,9
2012-02-24,0,9
2012-02-25,0,9
2012-02-26,0,9
2012-02-27,0,9
2012-02-28,0,9
2012-02-29,0,9
2012-03-01,2,11
2012-03-02,6,17
2012-03-03,0,17
2012-03-04,3,20
2012-03-05,2,22
2012-03-06,0,22
2012-03-07,0,22
2012-03-08,0,22
2012-03-09,0,22
2012-03-10,0,22
2012-03-11,3,25
2012-03-12,4,29
2012-03-13,2,31
2012-03-14,2,33
2012-03-15,0,33
2012-03-16,0,33
2012-03-17,0,33
2012-03-18,4,37
2012-03-19,3,40
2012-03-20,0,40
2012-03-21,0,40
2012-03-22,3,43
2012-03-23,2,45
2012-03-24,0,45
2012-03-25,0,45
2012-03-26,0,45
2012-03-27,0,45
2012-03-28,0,45
2012-03-29,0,45
2012-03-30,0,45
2012-03-31,0,45
2012-04-01,0,45
2012-04-02,0,45
2012-04-03,0,45
2012-04-04,0,45
2012-04-05,0,45
2012-04-06,0,45
2012-04-07,0,45
2012-04-08,0,45
2012-04-09,0,45
2012-04-10,0,45
2012-04-11,0,45
2012-04-12,0,45
2012-04-13,2,47
2012-04-14,0,47
2012-04-15,0,47
2012-04-16,2,49
2012-04-17,0,49
2012-04-18,0,49
2012-04-19,2,51
2012-04-20,3,54
2012-04-21,6,60
2012-04-22,5,65
2012-04-23,3,68
2012-04-24,4,72
2012-04-25,2,74
2012-04-26,10,84
2012-04-27,0,84
2012-04-28,0,84
2012-04-29,0,84
2012-04-30,0,84
2012-05-01,0,84
2012-05-02,0,84
2012-05-03,0,84
2012-05-04,0,84
2012-05-05,0,84
2012-05-06,2,86
2012-05-07,0,86
2012-05-08,0,86
2012-05-09,0,86
2012-05-10,0,86
2012-05-11,0,86
2012-05-12,0,86
2012-05-13,0,86
2012-05-14,0,86
2012-05-15,0,86
2012-05-16,0,86
2012-05-17,0,86
2012-05-18,0,86
2012-05-19,0,86
2012-05-20,0,86
2012-05-21,0,86
2012-05-22,0,86
2012-05-23,0,86
2012-05-24,0,86
2012-05-25,0,86
2012-05-26,0,86
2012-05-27,0,86
2012-05-28,0,86
2012-05-29,0,86
2012-05-30,4,90
2012-05-31,0,90
2012-06-01,2,92
2012-06-02,0,92
2012-06-03,0,92
2012-06-04,0,92
2012-06-05,0,92
2012-06-06,0,92
2012-06-07,0,92
2012-06-08,0,92
2012-06-09,0,92
2012-06-10,0,92
2012-06-11,0,92
2012-06-12,3,95
2012-06-13,3,98
2012-06-14,0,98
2012-06-15,0,98
2012-06-16,0,98
2012-06-17,0,98
2012-06-18,2,100
2012-06-19,2,102
2012-06-20,0,102
2012-06-21,0,102
2012-06-22,0,102
2012-06-23,0,102
2012-06-24,4,106
2012-06-25,0,106
2012-06-26,0,106
2012-06-27,0,106
2012-06-28,0,106
2012-06-29,0,106
2012-06-30,0,106
2012-07-01,0,106
2012-07-02,2,108
2012-07-03,0,108
2012-07-04,0,108
2012-07-05,0,108
2012-07-06,0,108
2012-07-07,0,108
2012-07-08,3,111
2012-07-09,0,111
2012-07-10,0,111
2012-07-11,0,111
2012-07-12,0,111
2012-07-13,0,111
2012-07-14,0,111
2012-07-15,0,111
2012-07-16,0,111
2012-07-17,0,111
2012-07-18,0,111
2012-07-19,2,113
2012-07-20,0,113
2012-07-21,0,113
2012-07-22,0,113
2012-07-23,0,113
2012-07-24,0,113
2012-07-25,0,113
2012-07-26,3,116
2012-07-27,0,116
2012-07-28,0,116
2012-07-29,4,120
2012-07-30,4,124
2012-07-31,2,126
2012-08-01,0,126
2012-08-02,0,126
2012-08-03,0,126
2012-08-04,0,126
2012-08-05,0,126
2012-08-06,0,126
2012-08-07,0,126
2012-08-08,0,126
2012-08-09,0,126
2012-08-10,3,129
2012-08-11,0,129
2012-08-12,0,129
2012-08-13,0,129
2012-08-14,0,129
2012-08-15,0,129
2012-08-16,2,131
2012-08-17,2,133
2012-08-18,0,133
2012-08-19,0,133
2012-08-20,0,133
2012-08-21,0,133
2012-08-22,0,133
2012-08-23,0,133
2012-08-24,0,133
2012-08-25,0,133
2012-08-26,7,140
2012-08-27,4,144
2012-08-28,0,144
2012-08-29,0,144
2012-08-30,0,144
2012-08-31,0,144
2012-09-01,0,144
2012-09-02,0,144
2012-09-03,0,144
2012-09-04,0,144
2012-09-05,2,146
2012-09-06,0,146
2012-09-07,0,146
2012-09-08,0,146
2012-09-09,0,146
2012-09-10,2,148
2012-09-11,2,150
2012-09-12,0,150
2012-09-13,0,150
2012-09-14,0,150
2012-09-15,0,150
2012-09-16,0,150
2012-09-17,0,150
2012-09-18,2,152
2012-09-19,0,152
2012-09-20,2,154
2012-09-21,0,154
2012-09-22,0,154
2012-09-23,0,154
2012-09-24,0,154
2012-09-25,0,154
2012-09-26,0,154
2012-09-27,0,154
2012-09-28,2,156
2012-09-29,0,156
2012-09-30,2,158
2012-10-01,0,158
2012-10-02,0,158
2012-10-03,2,160
2012-10-04,0,160
2012-10-05,4,164
2012-10-06,0,164
2012-10-07,0,164
2012-10-08,0,164
2012-10-09,0,164
2012-10-10,0,164
2012-10-11,2,166
2012-10-12,0,166
2012-10-13,0,166
2012-10-14,0,166
2012-10-15,0,166
2012-10-16,0,166
2012-10-17,0,166
2012-10-18,0,166
2012-10-19,2,168
2012-10-20,0,168
2012-10-21,0,168
2012-10-22,4,172
2012-10-23,2,174
2012-10-24,3,177
2012-10-25,2,179
2012-10-26,0,179
2012-10-27,0,179
2012-10-28,0,179
2012-10-29,4,183
2012-10-30,5,188
2012-10-31,4,192
2012-11-01,6,198
2012-11-02,2,200
2012-11-03,0,200
2012-11-04,2,202
2012-11-05,3,205
2012-11-06,0,205
2012-11-07,2,207
2012-11-08,0,207
2012-11-09,0,207
2012-11-10,0,207
2012-11-11,0,207
2012-11-12,0,207
2012-11-13,0,207
2012-11-14,0,207
2012-11-15,0,207
2012-11-16,0,207
2012-11-17,0,207
2012-11-18,0,207
2012-11-19,0,207
2012-11-20,0,207
2012-11-21,0,207
2012-11-22,0,207
2012-11-23,0,207
2012-11-24,0,207
2012-11-25,0,207
2012-11-26,0,207
2012-11-27,0,207
2012-11-28,0,207
2012-11-29,0,207
2012-11-30,0,207
2012-12-01,0,207
2012-12-02,0,207
2012-12-03,0,207
2012-12-04,2,209
2012-12-05,0,209
2012-12-06,2,211
2012-12-07,0,211
2012-12-08,0,211
2012-12-09,0,211
2012-12-10,0,211
2012-12-11,0,211
2012-12-12,0,211
2012-12-13,0,211
2012-12-14,0,211
2012-12-15,0,211
2012-12-16,0,211
2012-12-17,0,211
2012-12-18,2,213
2012-12-19,0,213
2012-12-20,2,215
2012-12-21,0,215
2012-12-22,0,215
2012-12-23,0,215
2012-12-24,0,215
2012-12-25,2,217
2012-12-26,2,219
2012-12-27,0,219
2012-12-28,0,219
2012-12-29,0,219
2012-12-30,0,219
2012-12-31,0,219
2013-01-01,0,219
2013-01-02,0,219
2013-01-03,0,219
2013-01-04,0,219
2013-01-05,0,219
2013-01-06,0,219
2013-01-07,0,219
2013-01-08,0,219
2013-01-09,2,221
2013-01-10,0,221
2013-01-11,0,221
2013-01-12,0,221
2013-01-13,0,221
2013-01-14,0,221
2013-01-15,0,221
2013-01-16,0,221
2013-01-17,2,223
2013-01-18,0,223
2013-01-19,0,223
2013-01-20,0,223
2013-01-21,0,223
2013-01-22,0,223
2013-01-23,3,226
2013-01-24,5,231
2013-01-25,3,234
2013-01-26,0,234
2013-01-27,0,234
2013-01-28,4,238
2013-01-29,2,240
2013-01-30,0,240
2013-01-31,2,242
2013-02-01,0,242
2013-02-02,0,242
2013-02-03,0,242
2013-02-04,0,242
2013-02-05,0,242
2013-02-06,4,246
2013-02-07,0,246
2013-02-08,0,246
2013-02-09,5,251
2013-02-10,0,251
2013-02-11,0,251
2013-02-12,0,251
2013-02-13,2,253
2013-02-14,0,253
2013-02-15,0,253
2013-02-16,0,253
2013-02-17,3,256
2013-02-18,0,256
2013-02-19,0,256
2013-02-20,0,256
2013-02-21,10,266
2013-02-22,2,268
2013-02-23,2,270
2013-02-24,0,270
2013-02-25,2,272
2013-02-26,3,275
2013-02-27,0,275
2013-02-28,0,275
2013-03-01,0,275
2013-03-02,0,275
2013-03-03,4,279
2013-03-04,11,290
2013-03-05,9,299
2013-03-06,2,301
2013-03-07,0,301
2013-03-08,3,304
2013-03-09,0,304
2013-03-10,0,304
2013-03-11,0,304
2013-03-12,4,308
2013-03-13,0,308
2013-03-14,3,311
2013-03-15,4,315
2013-03-16,0,315
2013-03-17,0,315
2013-03-18,0,315
2013-03-19,0,315
2013-03-20,0,315
2013-03-21,0,315
2013-03-22,9,324
2013-03-23,0,324
2013-03-24,0,324
2013-03-25,0,324
2013-03-26,0,324
2013-03-27,0,324
2013-03-28,0,324
2013-03-29,0,324
2013-03-30,0,324
2013-03-31,0,324
2013-04-01,0,324
2013-04-02,3,327
2013-04-03,0,327
2013-04-04,0,327
2013-04-05,0,327
2013-04-06,4,331
2013-04-07,0,331
2013-04-08,0,331
2013-04-09,4,335
2013-04-10,0,335
2013-04-11,0,335
2013-04-12,0,335
2013-04-13,0,335
2013-04-14,0,335
2013-04-15,0,335
2013-04-16,0,335
2013-04-17,0,335
2013-04-18,0,335
2013-04-19,0,335
2013-04-20,0,335
2013-04-21,0,335
2013-04-22,0,335
2013-04-23,0,335
2013-04-24,0,335
2013-04-25,2,337
2013-04-26,0,337
2013-04-27,0,337
2013-04-28,0,337
2013-04-29,0,337
2013-04-30,0,337
2013-05-01,0,337
2013-05-02,0,337
2013-05-03,0,337
2013-05-04,2,339
2013-05-05,2,341
2013-05-06,0,341
2013-05-07,2,343
2013-05-08,10,353
2013-05-09,3,356
2013-05-10,0,356
2013-05-11,0,356
2013-05-12,0,356
2013-05-13,0,356
2013-05-14,0,356
2013-05-15,0,356
2013-05-16,4,360
2013-05-17,0,360
2013-05-18,0,360
2013-05-19,2,362
2013-05-20,0,362
2013-05-21,0,362
2013-05-22,0,362
2013-05-23,0,362
2013-05-24,0,362
2013-05-25,0,362
2013-05-26,0,362
2013-05-27,3,365
2013-05-28,0,365
2013-05-29,0,365
2013-05-30,3,368
2013-05-31,0,368
2013-06-01,0,368
2013-06-02,0,368
2013-06-03,0,368
2013-06-04,0,368
2013-06-05,3,371
2013-06-06,0,371
2013-06-07,0,371
2013-06-08,0,371
2013-06-09,0,371
2013-06-10,0,371
2013-06-11,0,371
2013-06-12,0,371
2013-06-13,0,371
2013-06-14,0,371
2013-06-15,0,371
2013-06-16,3,374
2013-06-17,0,374
2013-06-18,0,374
2013-06-19,2,376
2013-06-20,0,376
2013-06-21,0,376
2013-06-22,0,376
2013-06-23,0,376
2013-06-24,3,379
2013-06-25,0,379
2013-06-26,0,379
2013-06-27,2,381
2013-06-28,0,381
2013-06-29,0,381
2013-06-30,0,381
2013-07-01,0,381
2013-07-02,0,381
2013-07-03,0,381
2013-07-04,0,381
2013-07-05,0,381
2013-07-06,0,381
2013-07-07,0,381
2013-07-08,2,383
2013-07-09,0,383
2013-07-10,4,387
2013-07-11,3,390
2013-07-12,0,390
2013-07-13,0,390
2013-07-14,0,390
2013-07-15,0,390
2013-07-16,0,390
2013-07-17,0,390
2013-07-18,0,390
2013-07-19,0,390
2013-07-20,0,390
2013-07-21,0,390
2013-07-22,4,394
2013-07-23,0,394
2013-07-24,2,396
2013-07-25,0,396
2013-07-26,0,396
2013-07-27,0,396
2013-07-28,0,396
2013-07-29,12,408
2013-07-30,0,408
2013-07-31,0,408
2013-08-01,0,408
2013-08-02,2,410
2013-08-03,0,410
2013-08-04,3,413
2013-08-05,0,413
2013-08-06,4,417
2013-08-07,0,417
2013-08-08,0,417
2013-08-09,0,417
2013-08-10,0,417
2013-08-11,0,417
2013-08-12,2,419
2013-08-13,0,419
2013-08-14,0,419
2013-08-15,0,419
2013-08-16,2,421
2013-08-17,0,421
2013-08-18,0,421
2013-08-19,0,421
2013-08-20,0,421
2013-08-21,0,421
2013-08-22,0,421
2013-08-23,0,421
2013-08-24,0,421
2013-08-25,0,421
2013-08-26,0,421
2013-08-27,2,423
2013-08-28,3,426
2013-08-29,0,426
2013-08-30,0,426
2013-08-31,0,426
2013-09-01,0,426
2013-09-02,0,426
2013-09-03,0,426
2013-09-04,0,426
2013-09-05,0,426
2013-09-06,0,426
2013-09-07,0,426
2013-09-08,0,426
2013-09-09,0,426
2013-09-10,0,426
2013-09-11,0,426
2013-09-12,0,426
2013-09-13,0,426
2013-09-14,0,426
2013-09-15,0,426
2013-09-16,0,426
2013-09-17,0,426
2013-09-18,0,426
2013-09-19,0,426
2013-09-20,0,426
2013-09-21,0,426
2013-09-22,0,426
2013-09-23,0,426
2013-09-24,0,426
2013-09-25,0,426
2013-09-26,0,426
2013-09-27,0,426
2013-09-28,0,426
2013-09-29,0,426
2013-09-30,0,426
2013-10-01,0,426
2013-10-02,0,426
2013-10-03,0,426
2013-10-04,0,426
2013-10-05,0,426
2013-10-06,0,426
2013-10-07,0,426
2013-10-08,0,426
2013-10-09,0,426
2013-10-10,0,426
2013-10-11,0,426
2013-10-12,0,426
2013-10-13,0,426
2013-10-14,0,426
2013-10-15,0,426
2013-10-16,0,426
2013-10-17,0,426
2013-10-18,0,426
2013-10-19,0,426
2013-10-20,0,426
2013-10-21,0,426
2013-10-22,2,428
2013-10-23,0,428
2013-10-24,0,428
2013-10-25,0,428
2013-10-26,0,428
2013-10-27,0,428
2013-10-28,0,428
2013-10-29,0,428
2013-10-30,0,428
2013-10-31,0,428
2013-11-01,0,428
2013-11-02,0,428
2013-11-03,0,428
2013-11-04,0,428
2013-11-05,0,428
2013-11-06,0,428
2013-11-07,0,428
2013-11-08,0,428
2013-11-09,0,428
2013-11-10,0,428
2013-11-11,0,428
2013-11-12,0,428
2013-11-13,0,428
2013-11-14,0,428
2013-11-15,0,428
2013-11-16,0,428
2013-11-17,2,430
2013-11-18,0,430
2013-11-19,0,430
2013-11-20,0,430
2013-11-21,0,430
2013-11-22,0,430
2013-11-23,0,430
2013-11-24,0,430
2013-11-25,0,430
2013-11-26,0,430
2013-11-27,0,430
2013-11-28,0,430
2013-11-29,0,430
2013-11-30,0,430
2013-12-01,0,430
2013-12-02,0,430
2013-12-03,0,430
2013-12-04,0,430
2013-12-05,0,430
2013-12-06,0,430
2013-12-07,0,430
2013-12-08,0,430
2013-12-09,0,430
2013-12-10,0,430
2013-12-11,0,430
2013-12-12,0,430
2013-12-13,0,430
2013-12-14,0,430
2013-12-15,0,430
2013-12-16,0,430
2013-12-17,0,430
2013-12-18,0,430
2013-12-19,0,430
2013-12-20,0,430
2013-12-21,0,430
2013-12-22,0,430
2013-12-23,0,430
2013-12-24,0,430
2013-12-25,0,430
2013-12-26,0,430
2013-12-27,0,430
2013-12-28,0,430
2013-12-29,0,430
2013-12-30,0,430
2013-12-31,0,430
2014-01-01,0,430
2014-01-02,0,430
2014-01-03,0,430
2014-01-04,0,430
2014-01-05,0,430
2014-01-06,0,430
2014-01-07,0,430
2014-01-08,0,430
2014-01-09,2,432
2014-01-10,0,432
2014-01-11,0,432
2014-01-12,0,432
2014-01-13,0,432
2014-01-14,0,432
2014-01-15,0,432
2014-01-16,0,432
2014-01-17,2,434
2014-01-18,0,434
2014-01-19,0,434
2014-01-20,0,434
2014-01-21,0,434
2014-01-22,0,434
2014-01-23,0,434
2014-01-24,0,434
2014-01-25,0,434
2014-01-26,3,437
2014-01-27,0,437
2014-01-28,0,437
2014-01-29,0,437
2014-01-30,0,437
2014-01-31,0,437
2014-02-01,0,437
2014-02-02,0,437
2014-02-03,0,437
2014-02-04,0,437
2014-02-05,0,437
2014-02-06,0,437
2014-02-07,0,437
2014-02-08,0,437
2014-02-09,0,437
2014-02-10,0,437
2014-02-11,0,437
2014-02-12,0,437
2014-02-13,2,439
2014-02-14,0,439
2014-02-15,0,439
2014-02-16,0,439
2014-02-17,0,439
2014-02-18,0,439
2014-02-19,2,441
2014-02-20,4,445
2014-02-21,0,445
2014-02-22,0,445
2014-02-23,0,445
2014-02-24,0,445
2014-02-25,0,445
2014-02-26,0,445
2014-02-27,0,445
2014-02-28,0,445
2014-03-01,0,445
2014-03-02,0,445
2014-03-03,0,445
2014-03-04,0,445
2014-03-05,0,445
2014-03-06,2,447
2014-03-07,0,447
2014-03-08,0,447
2014-03-09,0,447
2014-03-10,0,447
2014-03-11,0,447
2014-03-12,3,450
2014-03-13,3,453
2014-03-14,0,453
2014-03-15,0,453
2014-03-16,0,453
2014-03-17,2,455
2014-03-18,0,455
2014-03-19,0,455
2014-03-20,0,455
2014-03-21,0,455
2014-03-22,0,455
2014-03-23,0,455
2014-03-24,0,455
2014-03-25,0,455
2014-03-26,0,455
2014-03-27,0,455
2014-03-28,0,455
2014-03-29,0,455
2014-03-30,0,455
2014-03-31,0,455
2014-04-01,0,455
2014-04-02,0,455
2014-04-03,0,455
2014-04-04,0,455
2014-04-05,0,455
2014-04-06,0,455
2014-04-07,0,455
2014-04-08,0,455
2014-04-09,0,455
2014-04-10,3,458
2014-04-11,0,458
2014-04-12,0,458
2014-04-13,0,458
2014-04-14,0,458
2014-04-15,0,458
2014-04-16,0,458
2014-04-17,0,458
2014-04-18,0,458
2014-04-19,0,458
2014-04-20,0,458
2014-04-21,0,458
2014-04-22,0,458
2014-04-23,0,458
2014-04-24,2,460
2014-04-25,4,464
2014-04-26,0,464
2014-04-27,0,464
2014-04-28,0,464
2014-04-29,0,464
2014-04-30,0,464
2014-05-01,0,464
2014-05-02,0,464
2014-05-03,0,464
2014-05-04,0,464
2014-05-05,4,468
2014-05-06,0,468
2014-05-07,0,468
2014-05-08,0,468
2014-05-09,0,468
2014-05-10,0,468
2014-05-11,2,470
2014-05-12,0,470
2014-05-13,4,474
2014-05-14,0,474
2014-05-15,0,474
2014-05-16,0,474
2014-05-17,0,474
2014-05-18,4,478
2014-05-19,0,478
2014-05-20,0,478
2014-05-21,0,478
2014-05-22,0,478
2014-05-23,0,478
2014-05-24,0,478
2014-05-25,0,478
2014-05-26,0,478
2014-05-27,3,481
2014-05-28,0,481
2014-05-29,0,481
2014-05-30,2,483
2014-05-31,0,483
2014-06-01,0,483
2014-06-02,0,483
2014-06-03,0,483
2014-06-04,0,483
2014-06-05,0,483
2014-06-06,0,483
2014-06-07,0,483
2014-06-08,0,483
2014-06-09,0,483
2014-06-10,2,485
2014-06-11,0,485
2014-06-12,0,485
2014-06-13,0,485
2014-06-14,0,485
2014-06-15,0,485
2014-06-16,0,485
2014-06-17,0,485
2014-06-18,0,485
2014-06-19,0,485
2014-06-20,0,485
2014-06-21,0,485
2014-06-22,0,485
2014-06-23,0,485
2014-06-24,5,490
2014-06-25,0,490
2014-06-26,0,490
2014-06-27,2,492
2014-06-28,0,492
2014-06-29,2,494
2014-06-30,0,494
2014-07-01,2,496
2014-07-02,0,496
2014-07-03,0,496
2014-07-04,0,496
2014-07-05,0,496
2014-07-06,0,496
2014-07-07,0,496
2014-07-08,0,496
2014-07-09,0,496
2014-07-10,0,496
2014-07-11,2,498
2014-07-12,0,498
2014-07-13,3,501
2014-07-14,0,501
2014-07-15,0,501
2014-07-16,0,501
2014-07-17,0,501
2014-07-18,0,501
2014-07-19,0,501
2014-07-20,2,503
2014-07-21,0,503
2014-07-22,0,503
2014-07-23,0,503
2014-07-24,3,506
2014-07-25,4,510
2014-07-26,0,510
2014-07-27,0,510
2014-07-28,0,510
2014-07-29,0,510
2014-07-30,0,510
2014-07-31,0,510
2014-08-01,0,510
2014-08-02,0,510
2014-08-03,0,510
2014-08-04,0,510
2014-08-05,9,519
2014-08-06,2,521
2014-08-07,6,527
2014-08-08,0,527
2014-08-09,0,527
2014-08-10,0,527
2014-08-11,4,531
2014-08-12,2,533
2014-08-13,2,535
2014-08-14,0,535
2014-08-15,0,535
2014-08-16,0,535
2014-08-17,3,538
2014-08-18,0,538
2014-08-19,2,540
2014-08-20,2,542
2014-08-21,3,545
2014-08-22,0,545
2014-08-23,0,545
2014-08-24,0,545
2014-08-25,2,547
2014-08-26,2,549
2014-08-27,2,551
2014-08-28,3,554
2014-08-29,0,554
2014-08-30,0,554
2014-08-31,0,554
2014-09-01,2,556
2014-09-02,0,556
2014-09-03,0,556
2014-09-04,0,556
2014-09-05,0,556
2014-09-06,0,556
2014-09-07,2,558
2014-09-08,0,558
2014-09-09,2,560
2014-09-10,3,563
2014-09-11,0,563
2014-09-12,0,563
2014-09-13,0,563
2014-09-14,0,563
2014-09-15,0,563
2014-09-16,0,563
2014-09-17,0,563
2014-09-18,0,563
2014-09-19,0,563
2014-09-20,0,563
2014-09-21,0,563
2014-09-22,0,563
2014-09-23,0,563
2014-09-24,0,563
2014-09-25,0,563
2014-09-26,0,563
2014-09-27,0,563
2014-09-28,0,563
2014-09-29,0,563
2014-09-30,0,563
2014-10-01,0,563
2014-10-02,0,563
2014-10-03,0,563
2014-10-04,0,563
2014-10-05,0,563
2014-10-06,2,565
2014-10-07,3,568
2014-10-08,0,568
2014-10-09,0,568
2014-10-10,0,568
2014-10-11,0,568
2014-10-12,0,568
2014-10-13,0,568
2014-10-14,0,568
2014-10-15,5,573
2014-10-16,3,576
2014-10-17,4,580
2014-10-18,0,580
2014-10-19,0,580
2014-10-20,0,580
2014-10-21,0,580
2014-10-22,0,580
2014-10-23,0,580
2014-10-24,0,580
2014-10-25,0,580
2014-10-26,0,580
2014-10-27,2,582
2014-10-28,2,584
2014-10-29,0,584
2014-10-30,0,584
2014-10-31,0,584
2014-11-01,0,584
2014-11-02,0,584
2014-11-03,0,584
2014-11-04,0,584
2014-11-05,0,584
2014-11-06,0,584
2014-11-07,0,584
2014-11-08,0,584
2014-11-09,2,586
2014-11-10,0,586
2014-11-11,0,586
2014-11-12,0,586
2014-11-13,0,586
2014-11-14,0,586
2014-11-15,0,586
2014-11-16,0,586
2014-11-17,0,586
2014-11-18,0,586
2014-11-19,0,586
2014-11-20,0,586
2014-11-21,0,586
2014-11-22,0,586
2014-11-23,3,589
2014-11-24,0,589
2014-11-25,0,589
2014-11-26,2,591
2014-11-27,0,591
2014-11-28,3,594
2014-11-29,6,600
2014-11-30,2,602
2014-12-01,0,602
2014-12-02,0,602
2014-12-03,2,604
2014-12-04,0,604
2014-12-05,0,604
2014-12-06,0,604
2014-12-07,0,604
2014-12-08,0,604
2014-12-09,0,604
2014-12-10,0,604
2014-12-11,0,604
2014-12-12,0,604
2014-12-13,0,604
2014-12-14,0,604
2014-12-15,0,604
2014-12-16,0,604
2014-12-17,0,604
2014-12-18,0,604
2014-12-19,0,604
2014-12-20,0,604
2014-12-21,0,604
2014-12-22,0,604
2014-12-23,0,604
2014-12-24,0,604
2014-12-25,0,604
2014-12-26,0,604
2014-12-27,0,604
2014-12-28,0,604
2014-12-29,0,604
2014-12-30,0,604
2014-12-31,0,604
2015-01-01,0,604
2015-01-02,0,604
2015-01-03,0,604
2015-01-04,0,604
2015-01-05,0,604
2015-01-06,0,604
2015-01-07,0,604
2015-01-08,0,604
2015-01-09,0,604
2015-01-10,0,604
2015-01-11,0,604
2015-01-12,0,604
2015-01-13,0,604
2015-01-14,0,604
2015-01-15,0,604
2015-01-16,0,604
2015-01-17,0,604
2015-01-18,0,604
2015-01-19,4,608
2015-01-20,2,610
2015-01-21,0,610
2015-01-22,0,610
2015-01-23,0,610
2015-01-24,0,610
2015-01-25,0,610
2015-01-26,0,610
2015-01-27,0,610
2015-01-28,0,610
2015-01-29,0,610
2015-01-30,0,610
2015-01-31,0,610
2015-02-01,0,610
2015-02-02,0,610
2015-02-03,0,610
2015-02-04,0,610
2015-02-05,0,610
2015-02-06,0,610
2015-02-07,0,610
2015-02-08,2,612
2015-02-09,0,612
2015-02-10,2,614
2015-02-11,0,614
2015-02-12,0,614
2015-02-13,0,614
2015-02-14,0,614
2015-02-15,0,614
2015-02-16,0,614
2015-02-17,0,614
2015-02-18,0,614
2015-02-19,3,617
2015-02-20,0,617
2015-02-21,0,617
2015-02-22,0,617
2015-02-23,0,617
2015-02-24,0,617
2015-02-25,2,619
2015-02-26,0,619
2015-02-27,0,619
2015-02-28,0,619
2015-03-01,0,619
2015-03-02,0,619
2015-03-03,0,619
2015-03-04,0,619
2015-03-05,0,619
2015-03-06,0,619
2015-03-07,0,619
2015-03-08,0,619
2015-03-09,0,619
2015-03-10,0,619
2015-03-11,0,619
2015-03-12,0,619
2015-03-13,0,619
2015-03-14,0,619
2015-03-15,0,619
2015-03-16,0,619
2015-03-17,0,619
2015-03-18,0,619
2015-03-19,0,619
2015-03-20,0,619
2015-03-21,0,619
2015-03-22,0,619
2015-03-23,0,619
2015-03-24,0,619
2015-03-25,0,619
2015-03-26,0,619
2015-03-27,0,619
2015-03-28,0,619
2015-03-29,3,622
2015-03-30,0,622
2015-03-31,0,622
2015-04-01,0,622
2015-04-02,0,622
2015-04-03,0,622
2015-04-04,0,622
2015-04-05,0,622
2015-04-06,0,622
2015-04-07,0,622
2015-04-08,0,622
2015-04-09,0,622
2015-04-10,0,622
2015-04-11,0,622
2015-04-12,0,622
2015-04-13,0,622
2015-04-14,0,622
2015-04-15,0,622
2015-04-16,0,622
2015-04-17,0,622
2015-04-18,4,626
2015-04-19,0,626
2015-04-20,0,626
2015-04-21,0,626
2015-04-22,0,626
2015-04-23,0,626
2015-04-24,0,626
2015-04-25,0,626
2015-04-26,3,629
2015-04-27,0,629
2015-04-28,0,629
2015-04-29,0,629
2015-04-30,0,629
2015-05-01,0,629
2015-05-02,0,629
2015-05-03,0,629
2015-05-04,0,629
2015-05-05,0,629
2015-05-06,0,629
2015-05-07,0,629
2015-05-08,0,629
2015-05-09,0,629
2015-05-10,0,629
2015-05-11,0,629
2015-05-12,0,629
2015-05-13,0,629
2015-05-14,0,629
2015-05-15,0,629
2015-05-16,0,629
2015-05-17,0,629
2015-05-18,0,629
2015-05-19,0,629
2015-05-20,0,629
2015-05-21,0,629
2015-05-22,0,629
2015-05-23,0,629
2015-05-24,0,629
2015-05-25,0,629
2015-05-26,0,629
2015-05-27,2,631
2015-05-28,2,633
2015-05-29,0,633
2015-05-30,0,633
2015-05-31,0,633
2015-06-01,0,633
2015-06-02,0,633
2015-06-03,0,633
2015-06-04,0,633
2015-06-05,0,633
2015-06-06,0,633
2015-06-07,2,635
2015-06-08,0,635
2015-06-09,0,635
2015-06-10,0,635
2015-06-11,0,635
2015-06-12,0,635
2015-06-13,0,635
2015-06-14,0,635
2015-06-15,0,635
2015-06-16,0,635
2015-06-17,0,635
2015-06-18,2,637
2015-06-19,0,637
2015-06-20,0,637
2015-06-21,0,637
2015-06-22,0,637
2015-06-23,0,637
2015-06-24,0,637
2015-06-25,0,637
2015-06-26,0,637
2015-06-27,0,637
2015-06-28,0,637
2015-06-29,0,637
2015-06-30,0,637
2015-07-01,0,637
2015-07-02,0,637
2015-07-03,0,637
2015-07-04,0,637
2015-07-05,0,637
2015-07-06,0,637
2015-07-07,0,637
2015-07-08,0,637
2015-07-09,0,637
2015-07-10,0,637
2015-07-11,2,639
2015-07-12,7,646
2015-07-13,0,646
2015-07-14,0,646
2015-07-15,3,649
2015-07-16,0,649
2015-07-17,2,651
2015-07-18,0,651
2015-07-19,0,651
2015-07-20,2,653
2015-07-21,0,653
2015-07-22,0,653
2015-07-23,0,653
2015-07-24,0,653
2015-07-25,0,653
2015-07-26,0,653
2015-07-27,0,653
2015-07-28,0,653
2015-07-29,0,653
2015-07-30,2,655
2015-07-31,0,655
2015-08-01,3,658
2015-08-02,0,658
2015-08-03,0,658
2015-08-04,3,661
2015-08-05,0,661
2015-08-06,0,661
2015-08-07,0,661
2015-08-08,0,661
2015-08-09,2,663
2015-08-10,0,663
2015-08-11,0,663
2015-08-12,2,665
2015-08-13,2,667
2015-08-14,0,667
2015-08-15,0,667
2015-08-16,0,667
2015-08-17,0,667
2015-08-18,0,667
2015-08-19,0,667
2015-08-20,0,667
2015-08-21,0,667
2015-08-22,0,667
2015-08-23,0,667
2015-08-24,4,671
2015-08-25,3,674
2015-08-26,0,674
2015-08-27,0,674
2015-08-28,0,674
2015-08-29,0,674
2015-08-30,0,674
2015-08-31,0,674
2015-09-01,3,677
2015-09-02,3,680
2015-09-03,0,680
2015-09-04,0,680
2015-09-05,0,680
2015-09-06,4,684
2015-09-07,0,684
2015-09-08,0,684
2015-09-09,0,684
2015-09-10,0,684
2015-09-11,0,684
2015-09-12,0,684
2015-09-13,0,684
2015-09-14,0,684
2015-09-15,0,684
2015-09-16,0,684
2015-09-17,2,686
2015-09-18,0,686
2015-09-19,0,686
2015-09-20,0,686
2015-09-21,0,686
2015-09-22,0,686
2015-09-23,4,690
2015-09-24,0,690
2015-09-25,0,690
2015-09-26,0,690
2015-09-27,2,692
2015-09-28,0,692
2015-09-29,6,698
2015-09-30,4,702
2015-10-01,0,702
2015-10-02,0,702
2015-10-03,0,702
2015-10-04,0,702
2015-10-05,0,702
2015-10-06,0,702
2015-10-07,0,702
2015-10-08,0,702
2015-10-09,0,702
2015-10-10,0,702
2015-10-11,0,702
2015-10-12,0,702
2015-10-13,0,702
2015-10-14,0,702
2015-10-15,4,706
2015-10-16,0,706
2015-10-17,0,706
2015-10-18,0,706
2015-10-19,0,706
2015-10-20,0,706
2015-10-21,0,706
2015-10-22,0,706
2015-10-23,0,706
2015-10-24,0,706
2015-10-25,0,706
2015-10-26,0,706
2015-10-27,0,706
2015-10-28,2,708
2015-10-29,0,708
2015-10-30,0,708
2015-10-31,0,708
2015-11-01,2,710
2015-11-02,0,710
2015-11-03,0,710
2015-11-04,2,712
2015-11-05,0,712
2015-11-06,0,712
2015-11-07,0,712
2015-11-08,0,712
2015-11-09,0,712
2015-11-10,0,712
2015-11-11,0,712
2015-11-12,0,712
2015-11-13,0,712
2015-11-14,0,712
2015-11-15,0,712
2015-11-16,0,712
2015-11-17,0,712
2015-11-18,0,712
2015-11-19,0,712
2015-11-20,0,712
2015-11-21,0,712
2015-11-22,0,712
2015-11-23,0,712
2015-11-24,0,712
2015-11-25,0,712
2015-11-26,0,712
2015-11-27,0,712
2015-11-28,0,712
2015-11-29,0,712
2015-11-30,0,712
2015-12-01,0,712
2015-12-02,0,712
2015-12-03,0,712
2015-12-04,0,712
2015-12-05,0,712
2015-12-06,0,712
2015-12-07,0,712
2015-12-08,0,712
2015-12-09,0,712
2015-12-10,0,712
2015-12-11,0,712
2015-12-12,0,712
2015-12-13,2,714
2015-12-14,0,714
2015-12-15,0,714
2015-12-16,0,714
2015-12-17,2,716
2015-12-18,2,718
2015-12-19,0,718
2015-12-20,0,718
2015-12-21,0,718
2015-12-22,0,718
2015-12-23,0,718
2015-12-24,0,718
2015-12-25,0,718
2015-12-26,0,718
2015-12-27,0,718
2015-12-28,0,718
2015-12-29,0,718
2015-12-30,0,718
2015-12-31,0,718
2016-01-01,0,718
2016-01-02,0,718
2016-01-03,0,718
2016-01-04,0,718
2016-01-05,0,718
2016-01-06,0,718
2016-01-07,2,720
2016-01-08,2,722
2016-01-09,0,722
2016-01-10,0,722
2016-01-11,0,722
2016-01-12,0,722
2016-01-13,3,725
2016-01-14,3,728
2016-01-15,9,737
2016-01-16,0,737
2016-01-17,3,740
2016-01-18,4,744
2016-01-19,0,744
2016-01-20,8,752
2016-01-21,0,752
2016-01-22,0,752
2016-01-23,0,752
2016-01-24,6,758
2016-01-25,5,763
2016-01-26,0,763
2016-01-27,0,763
2016-01-28,0,763
2016-01-29,0,763
2016-01-30,2,765
2016-01-31,2,767
2016-02-01,2,769
2016-02-02,2,771
2016-02-03,0,771
2016-02-04,0,771
2016-02-05,0,771
2016-02-06,0,771
2016-02-07,0,771
2016-02-08,0,771
2016-02-09,3,774
2016-02-10,3,777
2016-02-11,14,791
2016-02-12,6,797
2016-02-13,3,800
2016-02-14,2,802
2016-02-15,0,802
2016-02-16,4,806
2016-02-17,6,812
2016-02-18,3,815
2016-02-19,0,815
2016-02-20,0,815
2016-02-21,0,815
2016-02-22,3,818
2016-02-23,3,821
2016-02-24,7,828
2016-02-25,0,828
2016-02-26,0,828
2016-02-27,0,828
2016-02-28,0,828
2016-02-29,0,828
2016-03-01,0,828
2016-03-02,0,828
2016-03-03,0,828
2016-03-04,0,828
2016-03-05,0,828
2016-03-06,0,828
2016-03-07,0,828
2016-03-08,0,828
2016-03-09,0,828
2016-03-10,0,828
2016-03-11,2,830
2016-03-12,0,830
2016-03-13,0,830
2016-03-14,0,830
2016-03-15,0,830
2016-03-16,0,830
2016-03-17,0,830
2016-03-18,0,830
2016-03-19,0,830
2016-03-20,0,830
2016-03-21,0,830
2016-03-22,4,834
2016-03-23,15,849
2016-03-24,8,857
2016-03-25,0,857
2016-03-26,23,880
2016-03-27,0,880
2016-03-28,0,880
2016-03-29,0,880
2016-03-30,0,880
2016-03-31,21,901
2016-04-01,0,901
2016-04-02,2,903
2016-04-03,3,906
2016-04-04,4,910
2016-04-05,0,910
2016-04-06,0,910
2016-04-07,0,910
2016-04-08,0,910
2016-04-09,0,910
2016-04-10,0,910
2016-04-11,0,910
2016-04-12,0,910
2016-04-13,0,910
2016-04-14,0,910
2016-04-15,0,910
2016-04-16,0,910
2016-04-17,0,910
2016-04-18,0,910
2016-04-19,0,910
2016-04-20,0,910
2016-04-21,0,910
2016-04-22,0,910
2016-04-23,0,910
2016-04-24,0,910
2016-04-25,0,910
2016-04-26,5,915
2016-04-27,0,915
2016-04-28,0,915
2016-04-29,0,915
2016-04-30,0,915
2016-05-01,0,915
2016-05-02,0,915
2016-05-03,2,917
2016-05-04,0,917
2016-05-05,2,919
2016-05-06,0,919
2016-05-07,0,919
2016-05-08,4,923
2016-05-09,2,925
2016-05-10,0,925
2016-05-11,3,928
2016-05-12,0,928
2016-05-13,0,928
2016-05-14,0,928
2016-05-15,0,928
2016-05-16,0,928
2016-05-17,0,928
2016-05-18,0,928
2016-05-19,0,928
2016-05-20,0,928
2016-05-21,0,928
2016-05-22,0,928
2016-05-23,0,928
2016-05-24,0,928
2016-05-25,0,928
2016-05-26,0,928
2016-05-27,0,928
2016-05-28,0,928
2016-05-29,0,928
2016-05-30,0,928
2016-05-31,0,928
2016-06-01,0,928
2016-06-02,0,928
2016-06-03,0,928
2016-06-04,0,928
2016-06-05,0,928
2016-06-06,0,928
2016-06-07,0,928
2016-06-08,2,930
2016-06-09,0,930
2016-06-10,0,930
2016-06-11,0,930
2016-06-12,4,934
2016-06-13,0,934
2016-06-14,3,937
2016-06-15,0,937
2016-06-16,0,937
2016-06-17,0,937
2016-06-18,0,937
2016-06-19,0,937
2016-06-20,0,937
2016-06-21,0,937
2016-06-22,0,937
2016-06-23,0,937
2016-06-24,0,937
2016-06-25,0,937
2016-06-26,0,937
2016-06-27,3,940
2016-06-28,2,942
2016-06-29,0,942
2016-06-30,0,942
2016-07-01,0,942
2016-07-02,0,942
2016-07-03,0,942
2016-07-04,0,942
2016-07-05,0,942
2016-07-06,4,946
2016-07-07,3,949
2016-07-08,0,949
2016-07-09,0,949
2016-07-10,0,949
2016-07-11,4,953
2016-07-12,0,953
2016-07-13,0,953
2016-07-14,6,959
2016-07-15,0,959
2016-07-16,2,961
2016-07-17,0,961
2016-07-18,0,961
2016-07-19,3,964
2016-07-20,0,964
2016-07-21,0,964
2016-07-22,2,966
2016-07-23,0,966
2016-07-24,0,966
2016-07-25,0,966
2016-07-26,0,966
2016-07-27,2,968
2016-07-28,0,968
2016-07-29,2,970
2016-07-30,0,970
2016-07-31,0,970
2016-08-01,4,974
2016-08-02,0,974
2016-08-03,2,976
2016-08-04,0,976
2016-08-05,2,978
2016-08-06,0,978
2016-08-07,0,978
2016-08-08,3,981
2016-08-09,0,981
2016-08-10,17,998
2016-08-11,2,1000
2016-08-12,0,1000
2016-08-13,0,1000
2016-08-14,0,1000
2016-08-15,0,1000
2016-08-16,0,1000
2016-08-17,0,1000
2016-08-18,0,1000
2016-08-19,0,1000
2016-08-20,0,1000
2016-08-21,0,1000
2016-08-22,0,1000
2016-08-23,0,1000
2016-08-24,0,1000
2016-08-25,2,1002
2016-08-26,0,1002
2016-08-27,2,1004
2016-08-28,0,1004
2016-08-29,0,1004
2016-08-30,0,1004
2016-08-31,0,1004
2016-09-01,0,1004
2016-09-02,0,1004
2016-09-03,0,1004
2016-09-04,0,1004
2016-09-05,0,1004
2016-09-06,0,1004
2016-09-07,2,1006
2016-09-08,0,1006
2016-09-09,0,1006
2016-09-10,0,1006
2016-09-11,4,1010
2016-09-12,0,1010
2016-09-13,2,1012
2016-09-14,0,1012
2016-09-15,2,1014
2016-09-16,0,1014
2016-09-17,0,1014
2016-09-18,2,1016
2016-09-19,0,1016
2016-09-20,0,1016
2016-09-21,0,1016
2016-09-22,3,1019
2016-09-23,3,1022
2016-09-24,0,1022
2016-09-25,0,1022
2016-09-26,0,1022
2016-09-27,0,1022
2016-09-28,0,1022
2016-09-29,0,1022
2016-09-30,0,1022
2016-10-01,0,1022
2016-10-02,0,1022
2016-10-03,0,1022
2016-10-04,0,1022
2016-10-05,0,1022
2016-10-06,2,1024
2016-10-07,0,1024
2016-10-08,0,1024
2016-10-09,0,1024
2016-10-10,0,1024
2016-10-11,0,1024
2016-10-12,0,1024
2016-10-13,0,1024
2016-10-14,0,1024
2016-10-15,2,1026
2016-10-16,0,1026
2016-10-17,0,1026
2016-10-18,2,1028
2016-10-19,0,1028
2016-10-20,0,1028
2016-10-21,0,1028
2016-10-22,0,1028
2016-10-23,0,1028
2016-10-24,0,1028
2016-10-25,0,1028
2016-10-26,0,1028
2016-10-27,3,1031
2016-10-28,5,1036
2016-10-29,0,1036
2016-10-30,2,1038
2016-10-31,0,1038
2016-11-01,0,1038
2016-11-02,0,1038
2016-11-03,0,1038
2016-11-04,0,1038
2016-11-05,0,1038
2016-11-06,0,1038
2016-11-07,0,1038
2016-11-08,0,1038
2016-11-09,0,1038
2016-11-10,0,1038
2016-11-11,0,1038
2016-11-12,0,1038
2016-11-13,0,1038
2016-11-14,0,1038
2016-11-15,0,1038
2016-11-16,0,1038
2016-11-17,2,1040
2016-11-18,0,1040
2016-11-19,0,1040
2016-11-20,0,1040
2016-11-21,0,1040
2016-11-22,0,1040
2016-11-23,0,1040
2016-11-24,0,1040
2016-11-25,0,1040
2016-11-26,0,1040
2016-11-27,0,1040
2016-11-28,0,1040
2016-11-29,0,1040
2016-11-30,0,1040
2016-12-01,0,1040
2016-12-02,0,1040
2016-12-03,0,1040
2016-12-04,0,1040
2016-12-05,0,1040
2016-12-06,0,1040
2016-12-07,0,1040
2016-12-08,0,1040
2016-12-09,0,1040
2016-12-10,0,1040
2016-12-11,0,1040
2016-12-12,0,1040
2016-12-13,2,1042
2016-12-14,3,1045
2016-12-15,0,1045
2016-12-16,0,1045
2016-12-17,0,1045
2016-12-18,0,1045
2016-12-19,2,1047
2016-12-20,0,1047
2016-12-21,0,1047
2016-12-22,0,1047
2016-12-23,0,1047
2016-12-24,0,1047
2016-12-25,0,1047
2016-12-26,0,1047
2016-12-27,0,1047
2016-12-28,0,1047
2016-12-29,0,1047
2016-12-30,0,1047
2016-12-31,0,1047
2017-01-01,0,1047
2017-01-02,0,1047
2017-01-03,0,1047
2017-01-04,2,1049
2017-01-05,0,1049
2017-01-06,0,1049
2017-01-07,0,1049
2017-01-08,0,1049
2017-01-09,3,1052
2017-01-10,2,1054
2017-01-11,2,1056
2017-01-12,0,1056
2017-01-13,0,1056
2017-01-14,0,1056
2017-01-15,0,1056
2017-01-16,0,1056
2017-01-17,0,1056
2017-01-18,0,1056
2017-01-19,2,1058
2017-01-20,0,1058
2017-01-21,0,1058
2017-01-22,2,1060
2017-01-23,3,1063
2017-01-24,2,1065
2017-01-25,4,1069
2017-01-26,0,1069
2017-01-27,0,1069
2017-01-28,0,1069
2017-01-29,0,1069
2017-01-30,0,1069
2017-01-31,2,1071
2017-02-01,4,1075
2017-02-02,0,1075
2017-02-03,0,1075
2017-02-04,0,1075
2017-02-05,0,1075
2017-02-06,0,1075
2017-02-07,2,1077
2017-02-08,2,1079
2017-02-09,0,1079
2017-02-10,0,1079
2017-02-11,0,1079
2017-02-12,0,1079
2017-02-13,7,1086
2017-02-14,0,1086
2017-02-15,0,1086
2017-02-16,4,1090
2017-02-17,0,1090
2017-02-18,0,1090
2017-02-19,0,1090
2017-02-20,0,1090
2017-02-21,7,1097
2017-02-22,4,1101
2017-02-23,2,1103
2017-02-24,0,1103
2017-02-25,0,1103
2017-02-26,0,1103
2017-02-27,3,1106
2017-02-28,0,1106
2017-03-01,0,1106
2017-03-02,0,1106
2017-03-03,0,1106
2017-03-04,0,1106
2017-03-05,0,1106
2017-03-06,0,1106
2017-03-07,0,1106
2017-03-08,0,1106
2017-03-09,0,1106
2017-03-10,0,1106
2017-03-11,0,1106
2017-03-12,2,1108
2017-03-13,0,1108
2017-03-14,0,1108
2017-03-15,0,1108
2017-03-16,0,1108
2017-03-17,0,1108
2017-03-18,0,1108
2017-03-19,0,1108
2017-03-20,0,1108
2017-03-21,0,1108
2017-03-22,0,1108
2017-03-23,0,1108
2017-03-24,2,1110
2017-03-25,2,1112
2017-03-26,0,1112
2017-03-27,4,1116
2017-03-28,0,1116
2017-03-29,0,1116
2017-03-30,2,1118
2017-03-31,2,1120
2017-04-01,0,1120
2017-04-02,2,1122
2017-04-03,0,1122
2017-04-04,12,1134
2017-04-05,2,1136
2017-04-06,0,1136
2017-04-07,0,1136
2017-04-08,0,1136
2017-04-09,0,1136
2017-04-10,0,1136
2017-04-11,0,1136
2017-04-12,0,1136
2017-04-13,0,1136
2017-04-14,0,1136
2017-04-15,0,1136
2017-04-16,0,1136
2017-04-17,0,1136
2017-04-18,6,1142
2017-04-19,7,1149
2017-04-20,6,1155
2017-04-21,0,1155
2017-04-22,0,1155
2017-04-23,0,1155
2017-04-24,0,1155
2017-04-25,3,1158
2017-04-26,0,1158
2017-04-27,3,1161
2017-04-28,13,1174
2017-04-29,24,1198
2017-04-30,7,1205
2017-05-01,0,1205
2017-05-02,0,1205
2017-05-03,0,1205
2017-05-04,0,1205
2017-05-05,0,1205
2017-05-06,0,1205
2017-05-07,0,1205
2017-05-08,0,1205
2017-05-09,0,1205
2017-05-10,0,1205
2017-05-11,0,1205
2017-05-12,0,1205
2017-05-13,2,1207
2017-05-14,0,1207
2017-05-15,0,1207
2017-05-16,0,1207
2017-05-17,0,1207
2017-05-18,2,1209
2017-05-19,3,1212
2017-05-20,0,1212
2017-05-21,0,1212
2017-05-22,0,1212
2017-05-23,0,1212
2017-05-24,0,1212
2017-05-25,0,1212
2017-05-26,0,1212
2017-05-27,0,1212
2017-05-28,0,1212
2017-05-29,0,1212
2017-05-30,0,1212
2017-05-31,0,1212
2017-06-01,0,1212
2017-06-02,0,1212
2017-06-03,2,1214
2017-06-04,2,1216
2017-06-05,3,1219
2017-06-06,4,1223
2017-06-07,4,1227
2017-06-08,0,1227
2017-06-09,0,1227
2017-06-10,0,1227
2017-06-11,0,1227
2017-06-12,0,1227
2017-06-13,0,1227
2017-06-14,6,1233
2017-06-15,12,1245
2017-06-16,17,1262
2017-06-17,2,1264
2017-06-18,0,1264
2017-06-19,0,1264
2017-06-20,0,1264
2017-06-21,0,1264
2017-06-22,0,1264
2017-06-23,0,1264
2017-06-24,0,1264
2017-06-25,0,1264
2017-06-26,0,1264
2017-06-27,0,1264
2017-06-28,0,1264
2017-06-29,0,1264
2017-06-30,0,1264
2017-07-01,3,1267
2017-07-02,0,1267
2017-07-03,2,1269
2017-07-04,0,1269
2017-07-05,2,1271
2017-07-06,0,1271
2017-07-07,0,1271
2017-07-08,0,1271
2017-07-09,0,1271
2017-07-10,3,1274
2017-07-11,0,1274
2017-07-12,0,1274
2017-07-13,4,1278
2017-07-14,2,1280
2017-07-15,3,1283
2017-07-16,4,1287
2017-07-17,0,1287
2017-07-18,7,1294
2017-07-19,2,1296
2017-07-20,5,1301
2017-07-21,3,1304
2017-07-22,2,1306
2017-07-23,3,1309
2017-07-24,0,1309
2017-07-25,3,1312
2017-07-26,0,1312
2017-07-27,0,1312
2017-07-28,0,1312
2017-07-29,0,1312
2017-07-30,6,1318
2017-07-31,0,1318
2017-08-01,8,1326
2017-08-02,2,1328
2017-08-03,0,1328
2017-08-04,3,1331
2017-08-05,0,1331
2017-08-06,0,1331
2017-08-07,0,1331
2017-08-08,0,1331
2017-08-09,0,1331
2017-08-10,0,1331
2017-08-11,0,1331
2017-08-12,0,1331
2017-08-13,0,1331
2017-08-14,0,1331
2017-08-15,0,1331
2017-08-16,0,1331
2017-08-17,3,1334
2017-08-18,9,1343
2017-08-19,0,1343
2017-08-20,3,1346
2017-08-21,2,1348
2017-08-22,0,1348
2017-08-23,2,1350
2017-08-24,0,1350
2017-08-25,0,1350
2017-08-26,0,1350
2017-08-27,0,1350
2017-08-28,0,1350
2017-08-29,0,1350
2017-08-30,0,1350
2017-08-31,0,1350
2017-09-01,0,1350
2017-09-02,0,1350
2017-09-03,0,1350
2017-09-04,0,1350
2017-09-05,0,1350
2017-09-06,0,1350
2017-09-07,2,1352
2017-09-08,0,1352
2017-09-09,0,1352
2017-09-10,4,1356
2017-09-11,0,1356
2017-09-12,3,1359
2017-09-13,0,1359
2017-09-14,8,1367
2017-09-15,0,1367
2017-09-16,0,1367
2017-09-17,0,1367
2017-09-18,0,1367
2017-09-19,2,1369
2017-09-20,0,1369
2017-09-21,0,1369
2017-09-22,2,1371
2017-09-23,3,1374
2017-09-24,0,1374
2017-09-25,0,1374
2017-09-26,0,1374
2017-09-27,2,1376
2017-09-28,0,1376
2017-09-29,0,1376
2017-09-30,0,1376
2017-10-01,0,1376
2017-10-02,0,1376
2017-10-03,0,1376
2017-10-04,0,1376
2017-10-05,0,1376
2017-10-06,0,1376
2017-10-07,0,1376
2017-10-08,2,1378
2017-10-09,0,1378
2017-10-10,0,1378
2017-10-11,0,1378
2017-10-12,0,1378
2017-10-13,0,1378
2017-10-14,0,1378
2017-10-15,0,1378
2017-10-16,0,1378
2017-10-17,0,1378
2017-10-18,0,1378
2017-10-19,0,1378
2017-10-20,0,1378
2017-10-21,0,1378
2017-10-22,0,1378
2017-10-23,0,1378
2017-10-24,0,1378
2017-10-25,4,1382
2017-10-26,4,1386
2017-10-27,9,1395
2017-10-28,6,1401
2017-10-29,3,1404
2017-10-30,0,1404
2017-10-31,0,1404
2017-11-01,3,1407
2017-11-02,2,1409
2017-11-03,0,1409
2017-11-04,0,1409
2017-11-05,0,1409
2017-11-06,0,1409
2017-11-07,2,1411
2017-11-08,0,1411
2017-11-09,0,1411
2017-11-10,0,1411
2017-11-11,0,1411
2017-11-12,0,1411
2017-11-13,0,1411
2017-11-14,0,1411
2017-11-15,0,1411
2017-11-16,0,1411
2017-11-17,0,1411
2017-11-18,4,1415
2017-11-19,5,1420
2017-11-20,0,1420
2017-11-21,4,1424
2017-11-22,0,1424
2017-11-23,2,1426
2017-11-24,6,1432
2017-11-25,0,1432
2017-11-26,2,1434
2017-11-27,0,1434
2017-11-28,0,1434
2017-11-29,0,1434
2017-11-30,0,1434
2017-12-01,0,1434
2017-12-02,0,1434
2017-12-03,4,1438
2017-12-04,0,1438
2017-12-05,0,1438
2017-12-06,0,1438
2017-12-07,0,1438
2017-12-08,2,1440
2017-12-09,0,1440
2017-12-10,0,1440
2017-12-11,0,1440
2017-12-12,0,1440
2017-12-13,0,1440
2017-12-14,0,1440
2017-12-15,0,1440
2017-12-16,0,1440
2017-12-17,0,1440
2017-12-18,0,1440
2017-12-19,0,1440
2017-12-20,6,1446
2017-12-21,0,1446
2017-12-22,0,1446
2017-12-23,0,1446
2017-12-24,2,1448
2017-12-25,0,1448
2017-12-26,0,1448
2017-12-27,0,1448
2017-12-28,0,1448
2017-12-29,2,1450
2017-12-30,0,1450
2017-12-31,0,1450
2018-01-01,0,1450
2018-01-02,0,1450
2018-01-03,0,1450
2018-01-04,0,1450
2018-01-05,3,1453
2018-01-06,0,1453
2018-01-07,2,1455
2018-01-08,7,1462
2018-01-09,9,1471
2018-01-10,11,1482
2018-01-11,3,1485
2018-01-12,4,1489
2018-01-13,0,1489
2018-01-14,4,1493
2018-01-15,0,1493
2018-01-16,0,1493
2018-01-17,0,1493
2018-01-18,0,1493
2018-01-19,0,1493
2018-01-20,0,1493
2018-01-21,0,1493
2018-01-22,0,1493
2018-01-23,0,1493
2018-01-24,0,1493
2018-01-25,0,1493
2018-01-26,0,1493
2018-01-27,0,1493
2018-01-28,0,1493
2018-01-29,4,1497
2018-01-30,0,1497
2018-01-31,2,1499
2018-02-01,0,1499
2018-02-02,0,1499
2018-02-03,0,1499
2018-02-04,0,1499
2018-02-05,0,1499
2018-02-06,0,1499
2018-02-07,0,1499
2018-02-08,0,1499
2018-02-09,0,1499
2018-02-10,0,1499
2018-02-11,0,1499
2018-02-12,0,1499
2018-02-13,0,1499
2018-02-14,0,1499
2018-02-15,4,1503
2018-02-16,4,1507
2018-02-17,0,1507
2018-02-18,2,1509
2018-02-19,0,1509
2018-02-20,0,1509
2018-02-21,0,1509
2018-02-22,0,1509
2018-02-23,4,1513
2018-02-24,0,1513
2018-02-25,0,1513
2018-02-26,2,1515
2018-02-27,5,1520
2018-02-28,7,1527
2018-03-01,4,1531
2018-03-02,11,1542
2018-03-03,0,1542
2018-03-04,0,1542
2018-03-05,0,1542
2018-03-06,0,1542
2018-03-07,0,1542
2018-03-08,0,1542
2018-03-09,5,1547
2018-03-10,0,1547
2018-03-11,0,1547
2018-03-12,6,1553
2018-03-13,0,1553
2018-03-14,0,1553
2018-03-15,0,1553
2018-03-16,0,1553
2018-03-17,0,1553
2018-03-18,2,1555
2018-03-19,3,1558
2018-03-20,0,1558
2018-03-21,0,1558
2018-03-22,5,1563
2018-03-23,0,1563
2018-03-24,6,1569
2018-03-25,2,1571
2018-03-26,0,1571
2018-03-27,3,1574
2018-03-28,0,1574
2018-03-29,3,1577
2018-03-30,2,1579
2018-03-31,0,1579
2018-04-01,0,1579
2018-04-02,0,1579
2018-04-03,0,1579
2018-04-04,0,1579
2018-04-05,3,1582
2018-04-06,3,1585
2018-04-07,0,1585
2018-04-08,3,1588
2018-04-09,0,1588
2018-04-10,0,1588
2018-04-11,0,1588
2018-04-12,2,1590
2018-04-13,2,1592
2018-04-14,0,1592
2018-04-15,2,1594
2018-04-16,3,1597
2018-04-17,5,1602
2018-04-18,0,1602
2018-04-19,0,1602
2018-04-20,0,1602
2018-04-21,0,1602
2018-04-22,0,1602
2018-04-23,0,1602
2018-04-24,0,1602
2018-04-25,0,1602
2018-04-26,0,1602
2018-04-27,0,1602
2018-04-28,0,1602
2018-04-29,0,1602
2018-04-30,2,1604
2018-05-01,0,1604
2018-05-02,2,1606
2018-05-03,0,1606
2018-05-04,0,1606
2018-05-05,0,1606
2018-05-06,0,1606
2018-05-07,2,1608
2018-05-08,0,1608
2018-05-09,0,1608
2018-05-10,0,1608
2018-05-11,0,1608
2018-05-12,0,1608
2018-05-13,0,1608
2018-05-14,5,1613
2018-05-15,0,1613
2018-05-16,3,1616
2018-05-17,0,1616
2018-05-18,2,1618
2018-05-19,0,1618
2018-05-20,0,1618
2018-05-21,0,1618
2018-05-22,0,1618
2018-05-23,4,1622
2018-05-24,0,1622
2018-05-25,0,1622
2018-05-26,0,1622
2018-05-27,0,1622
2018-05-28,0,1622
2018-05-29,0,1622
2018-05-30,2,1624
2018-05-31,0,1624
2018-06-01,0,1624
2018-06-02,4,1628
2018-06-03,0,1628
2018-06-04,0,1628
2018-06-05,0,1628
2018-06-06,4,1632
2018-06-07,5,1637
2018-06-08,2,1639
2018-06-09,0,1639
2018-06-10,2,1641
2018-06-11,5,1646
2018-06-12,3,1649
2018-06-13,4,1653
2018-06-14,0,1653
2018-06-15,0,1653
2018-06-16,0,1653
2018-06-17,0,1653
2018-06-18,0,1653
2018-06-19,0,1653
2018-06-20,0,1653
2018-06-21,0,1653
2018-06-22,0,1653
2018-06-23,0,1653
2018-06-24,0,1653
2018-06-25,0,1653
2018-06-26,0,1653
2018-06-27,0,1653
2018-06-28,0,1653
2018-06-29,0,1653
2018-06-30,0,1653
2018-07-01,3,1656
2018-07-02,0,1656
2018-07-03,2,1658
2018-07-04,0,1658
2018-07-05,5,1663
2018-07-06,0,1663
2018-07-07,0,1663
2018-07-08,2,1665
2018-07-09,0,1665
2018-07-10,0,1665
2018-07-11,0,1665
2018-07-12,3,1668
2018-07-13,0,1668
2018-07-14,2,1670
2018-07-15,11,1681
2018-07-16,21,1702
2018-07-17,8,1710
2018-07-18,18,1728
2018-07-19,44,1772
2018-07-20,14,1786
2018-07-21,6,1792
2018-07-22,15,1807
2018-07-23,25,1832
2018-07-24,18,1850
2018-07-25,4,1854
2018-07-26,0,1854
2018-07-27,2,1856
2018-07-28,0,1856
2018-07-29,3,1859
2018-07-30,0,1859
2018-07-31,0,1859
2018-08-01,6,1865
2018-08-02,2,1867
2018-08-03,0,1867
2018-08-04,0,1867
2018-08-05,0,1867
2018-08-06,0,1867
2018-08-07,0,1867
2018-08-08,0,1867
2018-08-09,0,1867
2018-08-10,0,1867
2018-08-11,0,1867
2018-08-12,0,1867
2018-08-13,5,1872
2018-08-14,2,1874
2018-08-15,4,1878
2018-08-16,5,1883
2018-08-17,0,1883
2018-08-18,3,1886
2018-08-19,0,1886
2018-08-20,0,1886
2018-08-21,0,1886
2018-08-22,2,1888
2018-08-23,0,1888
2018-08-24,0,1888
2018-08-25,0,1888
2018-08-26,0,1888
2018-08-27,5,1893
2018-08-28,2,1895
2018-08-29,2,1897
2018-08-30,2,1899
2018-08-31,5,1904
2018-09-01,0,1904
2018-09-02,3,1907
2018-09-03,0,1907
2018-09-04,4,1911
2018-09-05,0,1911
2018-09-06,0,1911
2018-09-07,6,1917
2018-09-08,0,1917
2018-09-09,0,1917
2018-09-10,0,1917
2018-09-11,0,1917
2018-09-12,2,1919
2018-09-13,0,1919
2018-09-14,0,1919
2018-09-15,0,1919
2018-09-16,0,1919
2018-09-17,0,1919
2018-09-18,0,1919
2018-09-19,0,1919
2018-09-20,0,1919
2018-09-21,0,1919
2018-09-22,0,1919
2018-09-23,0,1919
2018-09-24,3,1922
2018-09-25,5,1927
2018-09-26,0,1927
2018-09-27,0,1927
2018-09-28,0,1927
2018-09-29,0,1927
2018-09-30,0,1927
2018-10-01,0,1927
2018-10-02,0,1927
2018-10-03,2,1929
2018-10-04,0,1929
2018-10-05,2,1931
2018-10-06,0,1931
2018-10-07,2,1933
2018-10-08,0,1933
2018-10-09,0,1933
2018-10-10,3,1936
2018-10-11,3,1939
2018-10-12,0,1939
2018-10-13,3,1942
2018-10-14,0,1942
2018-10-15,0,1942
2018-10-16,0,1942
2018-10-17,0,1942
2018-10-18,0,1942
2018-10-19,0,1942
2018-10-20,0,1942
2018-10-21,0,1942
2018-10-22,0,1942
2018-10-23,0,1942
2018-10-24,0,1942
2018-10-25,0,1942
2018-10-26,0,1942
2018-10-27,4,1946
2018-10-28,0,1946
2018-10-29,0,1946
2018-10-30,0,1946
2018-10-31,0,1946
2018-11-01,0,1946
2018-11-02,3,1949
2018-11-03,0,1949
2018-11-04,0,1949
2018-11-05,0,1949
2018-11-06,0,1949
2018-11-07,0,1949
2018-11-08,0,1949
2018-11-09,0,1949
2018-11-10,0,1949
2018-11-11,0,1949
2018-11-12,0,1949
2018-11-13,0,1949
2018-11-14,2,1951
2018-11-15,2,1953
2018-11-16,0,1953
2018-11-17,0,1953
2018-11-18,0,1953
2018-11-19,0,1953
2018-11-20,0,1953
2018-11-21,0,1953
2018-11-22,0,1953
2018-11-23,0,1953
2018-11-24,0,1953
2018-11-25,0,1953
2018-11-26,0,1953
2018-11-27,0,1953
2018-11-28,0,1953
2018-11-29,0,1953
2018-11-30,0,1953
2018-12-01,0,1953
2018-12-02,0,1953
2018-12-03,0,1953
2018-12-04,0,1953
2018-12-05,0,1953
2018-12-06,0,1953
2018-12-07,0,1953
2018-12-08,0,1953
2018-12-09,0,1953
2018-12-10,0,1953
2018-12-11,0,1953
2018-12-12,0,1953
2018-12-13,0,1953
2018-12-14,3,1956
2018-12-15,0,1956
2018-12-16,2,1958
2018-12-17,0,1958
2018-12-18,6,1964
2018-12-19,2,1966
2018-12-20,0,1966
2018-12-21,5,1971
2018-12-22,2,1973
2018-12-23,0,1973
2018-12-24,0,1973
2018-12-25,0,1973
2018-12-26,0,1973
2018-12-27,0,1973
2018-12-28,0,1973
2018-12-29,0,1973
2018-12-30,0,1973
2018-12-31,0,1973
2019-01-01,0,1973
2019-01-02,0,1973
2019-01-03,0,1973
2019-01-04,4,1977
2019-01-05,2,1979
2019-01-06,3,1982
2019-01-07,0,1982
2019-01-08,0,1982
2019-01-09,0,1982
2019-01-10,0,1982
2019-01-11,0,1982
2019-01-12,0,1982
2019-01-13,0,1982
2019-01-14,0,1982
2019-01-15,0,1982
2019-01-16,0,1982
2019-01-17,0,1982
2019-01-18,0,1982
2019-01-19,0,1982
2019-01-20,0,1982
2019-01-21,0,1982
2019-01-22,2,1984
2019-01-23,10,1994
2019-01-24,0,1994
2019-01-25,0,1994
2019-01-26,0,1994
2019-01-27,0,1994
2019-01-28,0,1994
2019-01-29,0,1994
2019-01-30,0,1994
2019-01-31,0,1994
2019-02-01,0,1994
2019-02-02,0,1994
2019-02-03,0,1994
2019-02-04,0,1994
2019-02-05,0,1994
2019-02-06,5,1999
2019-02-07,0,1999
2019-02-08,0,1999
2019-02-09,0,1999
2019-02-10,2,2001
2019-02-11,0,2001
2019-02-12,3,2004
2019-02-13,3,2007
2019-02-14,5,2012
2019-02-15,0,2012
2019-02-16,0,2012
2019-02-17,0,2012
2019-02-18,0,2012
2019-02-19,0,2012
2019-02-20,0,2012
2019-02-21,3,2015
2019-02-22,0,2015
2019-02-23,0,2015
2019-02-24,0,2015
2019-02-25,4,2019
2019-02-26,0,2019
2019-02-27,0,2019
2019-02-28,0,2019
2019-03-01,0,2019
2019-03-02,0,2019
2019-03-03,0,2019
2019-03-04,0,2019
2019-03-05,2,2021
2019-03-06,0,2021
2019-03-07,0,2021
2019-03-08,0,2021
2019-03-09,5,2026
2019-03-10,0,2026
2019-03-11,0,2026
2019-03-12,0,2026
2019-03-13,0,2026
2019-03-14,0,2026
2019-03-15,0,2026
2019-03-16,0,2026
2019-03-17,0,2026
2019-03-18,0,2026
2019-03-19,0,2026
2019-03-20,0,2026
2019-03-21,0,2026
2019-03-22,0,2026
2019-03-23,0,2026
2019-03-24,0,2026
2019-03-25,2,2028
2019-03-26,0,2028
2019-03-27,0,2028
2019-03-28,0,2028
2019-03-29,0,2028
2019-03-30,0,2028
2019-03-31,0,2028
2019-04-01,0,2028
2019-04-02,0,2028
2019-04-03,4,2032
2019-04-04,0,2032
2019-04-05,0,2032
2019-04-06,0,2032
2019-04-07,0,2032
2019-04-08,0,2032
2019-04-09,7,2039
2019-04-10,0,2039
2019-04-11,0,2039
2019-04-12,4,2043
2019-04-13,0,2043
2019-04-14,0,2043
2019-04-15,0,2043
2019-04-16,0,2043
2019-04-17,2,2045
2019-04-18,3,2048
2019-04-19,0,2048
2019-04-20,4,2052
2019-04-21,0,2052
2019-04-22,0,2052
2019-04-23,0,2052
2019-04-24,2,2054
2019-04-25,0,2054
2019-04-26,0,2054
2019-04-27,0,2054
2019-04-28,0,2054
2019-04-29,0,2054
2019-04-30,0,2054
2019-05-01,0,2054
2019-05-02,0,2054
2019-05-03,4,2058
2019-05-04,0,2058
2019-05-05,0,2058
2019-05-06,0,2058
2019-05-07,0,2058
2019-05-08,2,2060
2019-05-09,0,2060
2019-05-10,0,2060
2019-05-11,0,2060
2019-05-12,0,2060
2019-05-13,0,2060
2019-05-14,0,2060
2019-05-15,0,2060
2019-05-16,5,2065
2019-05-17,4,2069
2019-05-18,3,2072
2019-05-19,13,2085
2019-05-20,5,2090
2019-05-21,24,2114
2019-05-22,13,2127
2019-05-23,6,2133
2019-05-24,6,2139
2019-05-25,8,2147
2019-05-26,2,2149
2019-05-27,0,2149
2019-05-28,3,2152
2019-05-29,0,2152
2019-05-30,0,2152
2019-05-31,2,2154
2019-06-01,0,2154
2019-06-02,2,2156
2019-06-03,0,2156
2019-06-04,0,2156
2019-06-05,3,2159
2019-06-06,4,2163
2019-06-07,0,2163
2019-06-08,0,2163
2019-06-09,0,2163
2019-06-10,0,2163
2019-06-11,0,2163
2019-06-12,0,2163
2019-06-13,0,2163
2019-06-14,0,2163
2019-06-15,0,2163
2019-06-16,0,2163
2019-06-17,0,2163
2019-06-18,4,2167
2019-06-19,0,2167
2019-06-20,3,2170
2019-06-21,2,2172
2019-06-22,0,2172
2019-06-23,0,2172
2019-06-24,0,2172
2019-06-25,0,2172
2019-06-26,0,2172
2019-06-27,0,2172
2019-06-28,2,2174
2019-06-29,0,2174
2019-06-30,0,2174
2019-07-01,0,2174
2019-07-02,0,2174
2019-07-03,0,2174
2019-07-04,0,2174
2019-07-05,0,2174
2019-07-06,0,2174
2019-07-07,3,2177
2019-07-08,0,2177
2019-07-09,3,2180
2019-07-10,0,2180
2019-07-11,2,2182
2019-07-12,0,2182
2019-07-13,3,2185
2019-07-14,2,2187
2019-07-15,2,2189
2019-07-16,0,2189
2019-07-17,6,2195
2019-07-18,2,2197
2019-07-19,0,2197
2019-07-20,0,2197
2019-07-21,0,2197
2019-07-22,0,2197
2019-07-23,0,2197
2019-07-24,2,2199
2019-07-25,0,2199
2019-07-26,0,2199
2019-07-27,0,2199
2019-07-28,0,2199
2019-07-29,0,2199
2019-07-30,0,2199
2019-07-31,0,2199
2019-08-01,0,2199
2019-08-02,4,2203
2019-08-03,0,2203
2019-08-04,6,2209
2019-08-05,0,2209
2019-08-06,0,2209
2019-08-07,3,2212
2019-08-08,8,2220
2019-08-09,8,2228
2019-08-10,0,2228
2019-08-11,6,2234
2019-08-12,0,2234
2019-08-13,0,2234
2019-08-14,6,2240
2019-08-15,6,2246
2019-08-16,4,2250
2019-08-17,0,2250
2019-08-18,3,2253
2019-08-19,4,2257
2019-08-20,6,2263
2019-08-21,2,2265
2019-08-22,3,2268
2019-08-23,0,2268
2019-08-24,0,2268
2019-08-25,5,2273
2019-08-26,3,2276
2019-08-27,5,2281
2019-08-28,3,2284
2019-08-29,2,2286
2019-08-30,0,2286
2019-08-31,0,2286
2019-09-01,0,2286
2019-09-02,2,2288
2019-09-03,0,2288
2019-09-04,0,2288
2019-09-05,0,2288
2019-09-06,0,2288
2019-09-07,0,2288
2019-09-08,0,2288
2019-09-09,0,2288
2019-09-10,0,2288
2019-09-11,0,2288
2019-09-12,0,2288
2019-09-13,0,2288
2019-09-14,0,2288
2019-09-15,0,2288
2019-09-16,0,2288
2019-09-17,0,2288
2019-09-18,0,2288
2019-09-19,0,2288
2019-09-20,0,2288
2019-09-21,0,2288
2019-09-22,0,2288
2019-09-23,0,2288
2019-09-24,0,2288
2019-09-25,0,2288
2019-09-26,0,2288
2019-09-27,0,2288
2019-09-28,0,2288
2019-09-29,0,2288
2019-09-30,2,2290
2019-10-01,0,2290
2019-10-02,0,2290
2019-10-03,0,2290
2019-10-04,2,2292
2019-10-05,2,2294
2019-10-06,0,2294
2019-10-07,0,2294
2019-10-08,2,2296
2019-10-09,3,2299
2019-10-10,0,2299
2019-10-11,0,2299
2019-10-12,0,2299
2019-10-13,0,2299
2019-10-14,3,2302
2019-10-15,0,2302
2019-10-16,0,2302
2019-10-17,0,2302
2019-10-18,2,2304
2019-10-19,0,2304
2019-10-20,0,2304
2019-10-21,0,2304
2019-10-22,0,2304
2019-10-23,0,2304
2019-10-24,0,2304
2019-10-25,0,2304
2019-10-26,0,2304
2019-10-27,0,2304
2019-10-28,0,2304
2019-10-29,0,2304
2019-10-30,0,2304
2019-10-31,7,2311
2019-11-01,2,2313
2019-11-02,0,2313
2019-11-03,0,2313
2019-11-04,0,2313
2019-11-05,5,2318
2019-11-06,4,2322
2019-11-07,0,2322
2019-11-08,0,2322
2019-11-09,0,2322
2019-11-10,3,2325
2019-11-11,0,2325
2019-11-12,0,2325
2019-11-13,0,2325
2019-11-14,0,2325
2019-11-15,3,2328
2019-11-16,0,2328
2019-11-17,0,2328
2019-11-18,3,2331
2019-11-19,0,2331
2019-11-20,2,2333
2019-11-21,0,2333
2019-11-22,0,2333
2019-11-23,0,2333
2019-11-24,0,2333
2019-11-25,0,2333
2019-11-26,0,2333
2019-11-27,0,2333
2019-11-28,0,2333
2019-11-29,5,2338
2019-11-30,0,2338
2019-12-01,3,2341
2019-12-02,6,2347
2019-12-03,3,2350
2019-12-04,5,2355
2019-12-05,4,2359
2019-12-06,0,2359
2019-12-07,0,2359
2019-12-08,0,2359
2019-12-09,0,2359
2019-12-10,0,2359
2019-12-11,0,2359
2019-12-12,5,2364
2019-12-13,7,2371
2019-12-14,0,2371
2019-12-15,0,2371
2019-12-16,0,2371
2019-12-17,2,2373
2019-12-18,2,2375
2019-12-19,0,2375
2019-12-20,0,2375
2019-12-21,0,2375
2019-12-22,5,2380
2019-12-23,2,2382
2019-12-24,0,2382
2019-12-25,0,2382
2019-12-26,0,2382
2019-12-27,0,2382
2019-12-28,0,2382
2019-12-29,0,2382
2019-12-30,0,2382
2019-12-31,0,2382
2020-01-01,0,2382
2020-01-02,2,2384
2020-01-03,3,2387
2020-01-04,0,2387
2020-01-05,3,2390
2020-01-06,0,2390
2020-01-07,0,2390
2020-01-08,0,2390
2020-01-09,0,2390
2020-01-10,0,2390
2020-01-11,0,2390
2020-01-12,0,2390
2020-01-13,4,2394
2020-01-14,0,2394
2020-01-15,0,2394
2020-01-16,0,2394
2020-01-17,0,2394
2020-01-18,0,2394
2020-01-19,0,2394
2020-01-20,0,2394
2020-01-21,0,2394
2020-01-22,0,2394
2020-01-23,0,2394
2020-01-24,0,2394
2020-01-25,0,2394
2020-01-26,0,2394
2020-01-27,2,2396
2020-01-28,7,2403
2020-01-29,0,2403
2020-01-30,0,2403
2020-01-31,0,2403
2020-02-01,0,2403
2020-02-02,0,2403
2020-02-03,0,2403
2020-02-04,0,2403
2020-02-05,4,2407
2020-02-06,0,2407
2020-02-07,0,2407
2020-02-08,0,2407
2020-02-09,0,2407
2020-02-10,5,2412
2020-02-11,0,2412
2020-02-12,0,2412
2020-02-13,0,2412
2020-02-14,2,2414
2020-02-15,3,2417
2020-02-16,0,2417
2020-02-17,2,2419
2020-02-18,0,2419
2020-02-19,2,2421
2020-02-20,0,2421
2020-02-21,5,2426
2020-02-22,3,2429
2020-02-23,7,2436
2020-02-24,6,2442
2020-02-25,4,2446
2020-02-26,2,2448
2020-02-27,0,2448
2020-02-28,0,2448
2020-02-29,3,2451
2020-03-01,0,2451
2020-03-02,0,2451
2020-03-03,0,2451
2020-03-04,0,2451
2020-03-05,2,2453
2020-03-06,0,2453
2020-03-07,0,2453
2020-03-08,0,2453
2020-03-09,0,2453
2020-03-10,0,2453
2020-03-11,3,2456
2020-03-12,9,2465
2020-03-13,5,2470
2020-03-14,0,2470
2020-03-15,0,2470
2020-03-16,0,2470
2020-03-17,3,2473
2020-03-18,2,2475
2020-03-19,2,2477
2020-03-20,0,2477
2020-03-21,0,2477
2020-03-22,4,2481
2020-03-23,0,2481
2020-03-24,0,2481
2020-03-25,6,2487
2020-03-26,4,2491
2020-03-27,0,2491
2020-03-28,0,2491
2020-03-29,0,2491
2020-03-30,2,2493
2020-03-31,0,2493
2020-04-01,0,2493
2020-04-02,0,2493
2020-04-03,0,2493
2020-04-04,0,2493
2020-04-05,0,2493
2020-04-06,0,2493
2020-04-07,0,2493
2020-04-08,0,2493
2020-04-09,0,2493
2020-04-10,0,2493
2020-04-11,0,2493
2020-04-12,0,2493
2020-04-13,0,2493
2020-04-14,0,2493
2020-04-15,0,2493
2020-04-16,0,2493
2020-04-17,0,2493
2020-04-18,7,2500
2020-04-19,6,2506
2020-04-20,7,2513
2020-04-21,3,2516
2020-04-22,9,2525
2020-04-23,0,2525
2020-04-24,0,2525
2020-04-25,0,2525
2020-04-26,0,2525
2020-04-27,0,2525
2020-04-28,3,2528
2020-04-29,0,2528
2020-04-30,7,2535
2020-05-01,3,2538
2020-05-02,2,2540
2020-05-03,0,2540
2020-05-04,0,2540
2020-05-05,0,2540
2020-05-06,5,2545
2020-05-07,0,2545
2020-05-08,2,2547
2020-05-09,0,2547
2020-05-10,2,2549
2020-05-11,2,2551
2020-05-12,0,2551
2020-05-13,3,2554
2020-05-14,4,2558
2020-05-15,0,2558
2020-05-16,0,2558
2020-05-17,2,2560
2020-05-18,0,2560
2020-05-19,0,2560
2020-05-20,0,2560
2020-05-21,0,2560
2020-05-22,0,2560
2020-05-23,0,2560
2020-05-24,0,2560
2020-05-25,0,2560
2020-05-26,0,2560
2020-05-27,0,2560
2020-05-28,0,2560
2020-05-29,0,2560
2020-05-30,0,2560
2020-05-31,0,2560
2020-06-01,0,2560
2020-06-02,0,2560
2020-06-03,0,2560
2020-06-04,0,2560
2020-06-05,0,2560
2020-06-06,0,2560
2020-06-07,0,2560
2020-06-08,0,2560
2020-06-09,0,2560
2020-06-10,0,2560
2020-06-11,0,2560
2020-06-12,0,2560
2020-06-13,2,2562
2020-06-14,3,2565
2020-06-15,2,2567
2020-06-16,0,2567
2020-06-17,0,2567
2020-06-18,0,2567
2020-06-19,0,2567
2020-06-20,0,2567
2020-06-21,0,2567
2020-06-22,3,2570
2020-06-23,0,2570
2020-06-24,0,2570
2020-06-25,0,2570
2020-06-26,0,2570
2020-06-27,0,2570
2020-06-28,0,2570
2020-06-29,0,2570
2020-06-30,4,2574
2020-07-01,2,2576
2020-07-02,0,2576
2020-07-03,0,2576
2020-07-04,2,2578
2020-07-05,0,2578
2020-07-06,2,2580
2020-07-07,0,2580
2020-07-08,0,2580
2020-07-09,4,2584
2020-07-10,3,2587
2020-07-11,0,2587
2020-07-12,0,2587
2020-07-13,2,2589
2020-07-14,0,2589
2020-07-15,0,2589
2020-07-16,0,2589
2020-07-17,0,2589
2020-07-18,0,2589
2020-07-19,0,2589
2020-07-20,2,2591
2020-07-21,0,2591
2020-07-22,0,2591
2020-07-23,0,2591
2020-07-24,0,2591
2020-07-25,0,2591
2020-07-26,0,2591
2020-07-27,0,2591
2020-07-28,0,2591
2020-07-29,0,2591
2020-07-30,0,2591
2020-07-31,0,2591
2020-08-01,0,2591
2020-08-02,0,2591
2020-08-03,0,2591
2020-08-04,0,2591
2020-08-05,0,2591
2020-08-06,0,2591
2020-08-07,0,2591
2020-08-08,0,2591
2020-08-09,0,2591
2020-08-10,3,2594
2020-08-11,0,2594
2020-08-12,0,2594
2020-08-13,0,2594
2020-08-14,0,2594
2020-08-15,0,2594
2020-08-16,0,2594
2020-08-17,0,2594
2020-08-18,3,2597
2020-08-19,2,2599
2020-08-20,3,2602
2020-08-21,0,2602
2020-08-22,0,2602
2020-08-23,0,2602
2020-08-24,2,2604
2020-08-25,0,2604
2020-08-26,2,2606
2020-08-27,10,2616
2020-08-28,3,2619
2020-08-29,0,2619
2020-08-30,0,2619
2020-08-31,9,2628
2020-09-01,3,2631
2020-09-02,5,2636
2020-09-03,5,2641
2020-09-04,4,2645
2020-09-05,0,2645
2020-09-06,0,2645
2020-09-07,0,2645
2020-09-08,0,2645
2020-09-09,0,2645
2020-09-10,0,2645
2020-09-11,0,2645
2020-09-12,0,2645
2020-09-13,0,2645
2020-09-14,0,2645
2020-09-15,0,2645
2020-09-16,0,2645
2020-09-17,0,2645
2020-09-18,0,2645
2020-09-19,0,2645
2020-09-20,3,2648
2020-09-21,2,2650
2020-09-22,8,2658
2020-09-23,2,2660
2020-09-24,0,2660
2020-09-25,2,2662
2020-09-26,5,2667
2020-09-27,0,2667
2020-09-28,0,2667
2020-09-29,10,2677
2020-09-30,0,2677
2020-10-01,9,2686
2020-10-02,0,2686
2020-10-03,0,2686
2020-10-04,3,2689
2020-10-05,2,2691
2020-10-06,8,2699
2020-10-07,6,2705
2020-10-08,2,2707
2020-10-09,0,2707
2020-10-10,0,2707
2020-10-11,6,2713
2020-10-12,4,2717
2020-10-13,4,2721
2020-10-14,9,2730
2020-10-15,0,2730
2020-10-16,3,2733
2020-10-17,0,2733
2020-10-18,2,2735
2020-10-19,0,2735
2020-10-20,0,2735
2020-10-21,0,2735
2020-10-22,3,2738
2020-10-23,2,2740
2020-10-24,0,2740
2020-10-25,0,2740
2020-10-26,0,2740
2020-10-27,0,2740
2020-10-28,3,2743
2020-10-29,5,2748
2020-10-30,0,2748
2020-10-31,4,2752
2020-11-01,3,2755
2020-11-02,4,2759
2020-11-03,3,2762
2020-11-04,0,2762
2020-11-05,0,2762
2020-11-06,0,2762
2020-11-07,4,2766
2020-11-08,0,2766
2020-11-09,0,2766
2020-11-10,0,2766
2020-11-11,0,2766
2020-11-12,0,2766
2020-11-13,10,2776
2020-11-14,2,2778
2020-11-15,10,2788
2020-11-16,3,2791
2020-11-17,3,2794
2020-11-18,4,2798
2020-11-19,5,2803
2020-11-20,0,2803
2020-11-21,0,2803
2020-11-22,0,2803
2020-11-23,6,2809
2020-11-24,0,2809
2020-11-25,0,2809
2020-11-26,0,2809
2020-11-27,0,2809
2020-11-28,0,2809
2020-11-29,0,2809
2020-11-30,5,2814
2020-12-01,5,2819
2020-12-02,3,2822
2020-12-03,0,2822
2020-12-04,0,2822
2020-12-05,0,2822
2020-12-06,2,2824
2020-12-07,4,2828
2020-12-08,3,2831
2020-12-09,3,2834
2020-12-10,2,2836
2020-12-11,0,2836
2020-12-12,0,2836
2020-12-13,7,2843
2020-12-14,5,2848
2020-12-15,6,2854
2020-12-16,2,2856
2020-12-17,0,2856
2020-12-18,0,2856
2020-12-19,0,2856
2020-12-20,2,2858
2020-12-21,0,2858
2020-12-22,3,2861
2020-12-23,0,2861
2020-12-24,2,2863
2020-12-25,6,2869
2020-12-26,3,2872
2020-12-27,0,2872
2020-12-28,2,2874
2020-12-29,4,2878
2020-12-30,2,2880
2020-12-31,0,2880
2021-01-01,2,2882
2021-01-02,0,2882
2021-01-03,6,2888
2021-01-04,6,2894
2021-01-05,0,2894
2021-01-06,7,2901
2021-01-07,4,2905
2021-01-08,0,2905
2021-01-09,0,2905
2021-01-10,0,2905
2021-01-11,0,2905
2021-01-12,2,2907
2021-01-13,2,2909
2021-01-14,6,2915
2021-01-15,6,2921
2021-01-16,3,2924
2021-01-17,0,2924
2021-01-18,0,2924
2021-01-19,0,2924
2021-01-20,0,2924
2021-01-21,0,2924
2021-01-22,0,2924
2021-01-23,0,2924
2021-01-24,13,2937
2021-01-25,6,2943
2021-01-26,2,2945
2021-01-27,2,2947
2021-01-28,2,2949
2021-01-29,8,2957
2021-01-30,5,2962
2021-01-31,6,2968
2021-02-01,3,2971
2021-02-02,5,2976
2021-02-03,7,2983
2021-02-04,4,2987
2021-02-05,6,2993
2021-02-06,5,2998
2021-02-07,0,2998
2021-02-08,2,3000
2021-02-09,3,3003
2021-02-10,0,3003
2021-02-11,0,3003
2021-02-12,0,3003
2021-02-13,0,3003
2021-02-14,0,3003
2021-02-15,0,3003
2021-02-16,4,3007
2021-02-17,0,3007
2021-02-18,0,3007
2021-02-19,0,3007
2021-02-20,0,3007
2021-02-21,0,3007
2021-02-22,0,3007
2021-02-23,3,3010
2021-02-24,3,3013
2021-02-25,0,3013
2021-02-26,16,3029
2021-02-27,11,3040
2021-02-28,6,3046
2021-03-01,0,3046
2021-03-02,9,3055
2021-03-03,8,3063
2021-03-04,2,3065
2021-03-05,0,3065
2021-03-06,0,3065
2021-03-07,0,3065
2021-03-08,4,3069
2021-03-09,9,3078
2021-03-10,4,3082
2021-03-11,0,3082
2021-03-12,12,3094
2021-03-13,113,3207
2021-03-14,51,3258
2021-03-15,26,3284
2021-03-16,182,3466
2021-03-17,86,3552
2021-03-18,55,3607
2021-03-19,49,3656
2021-03-20,40,3696
2021-03-21,40,3736
2021-03-22,62,3798
2021-03-23,29,3827
2021-03-24,67,3894
2021-03-25,290,4184
2021-03-26,263,4447
2021-03-27,139,4586
2021-03-28,12,4598
2021-03-29,62,4660
2021-03-30,85,4745
2021-03-31,0,4745
2021-04-01,0,4745
2021-04-02,0,4745
2021-04-03,0,4745
2021-04-04,0,4745
2021-04-05,2,4747
2021-04-06,8,4755
2021-04-07,6,4761
2021-04-08,13,4774
2021-04-09,46,4820
2021-04-10,27,4847
2021-04-11,26,4873
2021-04-12,21,4894
2021-04-13,7,4901
2021-04-14,23,4924
2021-04-15,33,4957
2021-04-16,0,4957
2021-04-17,0,4957
2021-04-18,0,4957
2021-04-19,0,4957
2021-04-20,4,4961
2021-04-21,0,4961
2021-04-22,39,5000
2021-04-23,36,5036
2021-04-24,119,5155
2021-04-25,18,5173
2021-04-26,4,5177
2021-04-27,35,5212
2021-04-28,45,5257
2021-04-29,0,5257
2021-04-30,0,5257
2021-05-01,0,5257
2021-05-02,0,5257
2021-05-03,0,5257
2021-05-04,0,5257
2021-05-05,0,5257
2021-05-06,0,5257
2021-05-07,0,5257
2021-05-08,0,5257
2021-05-09,0,5257
2021-05-10,0,5257
2021-05-11,0,5257
2021-05-12,0,5257
2021-05-13,0,5257
2021-05-14,0,5257
2021-05-15,0,5257
2021-05-16,0,5257
2021-05-17,3,5260
2021-05-18,0,5260
2021-05-19,2,5262
2021-05-20,0,5262
2021-05-21,0,5262
2021-05-22,0,5262
2021-05-23,0,5262
2021-05-24,0,5262
2021-05-25,0,5262
2021-05-26,2,5264
2021-05-27,2,5266
2021-05-28,0,5266
2021-05-29,0,5266
2021-05-30,0,5266
2021-05-31,0,5266
2021-06-01,0,5266
2021-06-02,0,5266
2021-06-03,0,5266
2021-06-04,0,5266
2021-06-05,0,5266
2021-06-06,4,5270
2021-06-07,3,5273
2021-06-08,0,5273
2021-06-09,4,5277
2021-06-10,0,5277
2021-06-11,0,5277
2021-06-12,0,5277
2021-06-13,0,5277
2021-06-14,0,5277
2021-06-15,0,5277
2021-06-16,0,5277
2021-06-17,2,5279
2021-06-18,0,5279
2021-06-19,0,5279
2021-06-20,2,5281
2021-06-21,0,5281
2021-06-22,0,5281
2021-06-23,0,5281
2021-06-24,0,5281
2021-06-25,0,5281
2021-06-26,0,5281
2021-06-27,0,5281
2021-06-28,0,5281
2021-06-29,0,5281
2021-06-30,0,5281
2021-07-01,0,5281
2021-07-02,2,5283
2021-07-03,0,5283
2021-07-04,0,5283
2021-07-05,0,5283
2021-07-06,0,5283
2021-07-07,0,5283
2021-07-08,0,5283
2021-07-09,0,5283
2021-07-10,0,5283
2021-07-11,0,5283
2021-07-12,0,5283
2021-07-13,0,5283
2021-07-14,0,5283
2021-07-15,0,5283
2021-07-16,0,5283
2021-07-17,0,5283
2021-07-18,0,5283
2021-07-19,0,5283
2021-07-20,0,5283
2021-07-21,0,5283
2021-07-22,5,5288
2021-07-23,0,5288
2021-07-24,0,5288
2021-07-25,2,5290
2021-07-26,0,5290
2021-07-27,2,5292
2021-07-28,0,5292
2021-07-29,0,5292
2021-07-30,0,5292
2021-07-31,0,5292
2021-08-01,0,5292
2021-08-02,0,5292
2021-08-03,0,5292
2021-08-04,0,5292
2021-08-05,0,5292
2021-08-06,0,5292
2021-08-07,0,5292
2021-08-08,0,5292
2021-08-09,6,5298
2021-08-10,0,5298
2021-08-11,0,5298
2021-08-12,2,5300
2021-08-13,3,5303
2021-08-14,0,5303
2021-08-15,0,5303
2021-08-16,0,5303
2021-08-17,2,5305
2021-08-18,2,5307
2021-08-19,3,5310
2021-08-20,0,5310
2021-08-21,0,5310
2021-08-22,3,5313
2021-08-23,3,5316
2021-08-24,2,5318
2021-08-25,2,5320
2021-08-26,0,5320
2021-08-27,2,5322
2021-08-28,0,5322
2021-08-29,5,5327
2021-08-30,3,5330
2021-08-31,3,5333
2021-09-01,0,5333
2021-09-02,2,5335
2021-09-03,0,5335
2021-09-04,0,5335
2021-09-05,2,5337
2021-09-06,4,5341
2021-09-07,2,5343
2021-09-08,3,5346
2021-09-09,3,5349
2021-09-10,3,5352
2021-09-11,0,5352
2021-09-12,0,5352
2021-09-13,2,5354
2021-09-14,0,5354
2021-09-15,0,5354
2021-09-16,2,5356
2021-09-17,2,5358
2021-09-18,0,5358
2021-09-19,5,5363
2021-09-20,5,5368
2021-09-21,0,5368
2021-09-22,0,5368
2021-09-23,0,5368
2021-09-24,0,5368
2021-09-25,0,5368
2021-09-26,0,5368
2021-09-27,0,5368
2021-09-28,0,5368
2021-09-29,0,5368
2021-09-30,0,5368
2021-10-01,0,5368
2021-10-02,0,5368
2021-10-03,0,5368
2021-10-04,0,5368
2021-10-05,0,5368
2021-10-06,0,5368
2021-10-07,4,5372
2021-10-08,3,5375
2021-10-09,3,5378
2021-10-10,0,5378
2021-10-11,5,5383
2021-10-12,3,5386
2021-10-13,5,5391
2021-10-14,2,5393
2021-10-15,0,5393
2021-10-16,0,5393
2021-10-17,0,5393
2021-10-18,0,5393
2021-10-19,0,5393
2021-10-20,3,5396
2021-10-21,3,5399
2021-10-22,0,5399
2021-10-23,2,5401
2021-10-24,0,5401
2021-10-25,4,5405
2021-10-26,5,5410
2021-10-27,5,5415
2021-10-28,2,5417
2021-10-29,0,5417
2021-10-30,0,5417
2021-10-31,2,5419
2021-11-01,0,5419
2021-11-02,0,5419
2021-11-03,0,5419
2021-11-04,0,5419
2021-11-05,0,5419
2021-11-06,0,5419
2021-11-07,0,5419
2021-11-08,0,5419
2021-11-09,0,5419
2021-11-10,0,5419
2021-11-11,0,5419
2021-11-12,0,5419
2021-11-13,0,5419
2021-11-14,0,5419
2021-11-15,0,5419
2021-11-16,0,5419
2021-11-17,0,5419
2021-11-18,0,5419
2021-11-19,0,5419
2021-11-20,0,5419
2021-11-21,0,5419
2021-11-22,0,5419
2021-11-23,0,5419
2021-11-24,0,5419
2021-11-25,0,5419
2021-11-26,0,5419
2021-11-27,0,5419
2021-11-28,0,5419
2021-11-29,0,5419
2021-11-30,0,5419
2021-12-01,0,5419
2021-12-02,0,5419
2021-12-03,0,5419
2021-12-04,0,5419
2021-12-05,3,5422
2021-12-06,0,5422
2021-12-07,3,5425
2021-12-08,2,5427
2021-12-09,0,5427
2021-12-10,0,5427
2021-12-11,0,5427
2021-12-12,0,5427
2021-12-13,0,5427
2021-12-14,0,5427
2021-12-15,2,5429
2021-12-16,0,5429
2021-12-17,0,5429
2021-12-18,0,5429
2021-12-19,0,5429
2021-12-20,0,5429
2021-12-21,2,5431
2021-12-22,5,5436
2021-12-23,3,5439
2021-12-24,0,5439
2021-12-25,0,5439
2021-12-26,2,5441
2021-12-27,0,5441
2021-12-28,3,5444
2021-12-29,2,5446
2021-12-30,5,5451
2021-12-31,0,5451
